Measurement,Well,Group,Time,OCR,ECAR,PER,plate_id,Protocol,Project,Interval,LOCR,LECAR,Code,sample_id,is.out.p
1,A11,FCCP-FLI#D423A_72h,1,11.5277175520812,59.4028001062125,0,HEK-FLI#WT_0h+FLI#D423A_0h 20-02-2019,FCCP,FLI,Int1,2.444754357363166,4.084341365092779,D423A_72h,D423A_72h-FLI | 20-02-2019,FALSE
1,B11,FCCP-FLI#D423A_72h,1,10.3072962465189,52.1217255686676,0,HEK-FLI#WT_0h+FLI#D423A_0h 20-02-2019,FCCP,FLI,Int1,2.3328520179059784,3.9535818593192595,D423A_72h,D423A_72h-FLI | 20-02-2019,FALSE
1,B12,FCCP-FLI#D423A_72h,1,10.925335174694,40.990488539614,0,HEK-FLI#WT_0h+FLI#D423A_0h 20-02-2019,FCCP,FLI,Int1,2.3910844201169024,3.713340052952516,D423A_72h,D423A_72h-FLI | 20-02-2019,FALSE
1,C11,FCCP-FLI#D423A_72h,1,12.4787144682953,55.4879259952829,0,HEK-FLI#WT_0h+FLI#D423A_0h 20-02-2019,FCCP,FLI,Int1,2.5240243502875273,4.016165447450492,D423A_72h,D423A_72h-FLI | 20-02-2019,FALSE
1,C12,FCCP-FLI#D423A_72h,1,11.3504708867704,44.8792610770207,0,HEK-FLI#WT_0h+FLI#D423A_0h 20-02-2019,FCCP,FLI,Int1,2.4292592308879963,3.803975796663141,D423A_72h,D423A_72h-FLI | 20-02-2019,FALSE
1,D11,FCCP-FLI#D423A_72h,1,10.3392552390142,53.2575945065857,0,HEK-FLI#WT_0h+FLI#D423A_0h 20-02-2019,FCCP,FLI,Int1,2.3359478393115594,3.9751404142622766,D423A_72h,D423A_72h-FLI | 20-02-2019,FALSE
1,D12,FCCP-FLI#D423A_72h,1,10.2360923357618,51.2665918287714,0,HEK-FLI#WT_0h+FLI#D423A_0h 20-02-2019,FCCP,FLI,Int1,2.325919938944801,3.9370393086254776,D423A_72h,D423A_72h-FLI | 20-02-2019,FALSE
1,E12,Oligo-FLI#D423A_72h,1,9.59345970748022,48.979888204381,0,HEK-FLI#WT_0h+FLI#D423A_0h 20-02-2019,Olig,FLI,Int1,2.2610815858259823,3.8914097690465494,D423A_72h,D423A_72h-FLI | 20-02-2019,FALSE
1,F11,Oligo-FLI#D423A_72h,1,13.2188698052839,51.0701299501035,0,HEK-FLI#WT_0h+FLI#D423A_0h 20-02-2019,Olig,FLI,Int1,2.5816453394893686,3.9331997852050424,D423A_72h,D423A_72h-FLI | 20-02-2019,FALSE
1,F12,Oligo-FLI#D423A_72h,1,11.7838934939867,54.0611253300634,0,HEK-FLI#WT_0h+FLI#D423A_0h 20-02-2019,Olig,FLI,Int1,2.466733640930983,3.990115356948023,D423A_72h,D423A_72h-FLI | 20-02-2019,FALSE
1,G11,Oligo-FLI#D423A_72h,1,10.303342435164,56.4520784333057,0,HEK-FLI#WT_0h+FLI#D423A_0h 20-02-2019,Olig,FLI,Int1,2.3324683508625195,4.033392108931255,D423A_72h,D423A_72h-FLI | 20-02-2019,FALSE
1,G12,Oligo-FLI#D423A_72h,1,13.4119500167027,49.079130049133,0,HEK-FLI#WT_0h+FLI#D423A_0h 20-02-2019,Olig,FLI,Int1,2.5961461018376206,3.893433894525329,D423A_72h,D423A_72h-FLI | 20-02-2019,FALSE
1,H11,Oligo-FLI#D423A_72h,1,20.5770197259815,48.4670880654109,0,HEK-FLI#WT_0h+FLI#D423A_0h 20-02-2019,Olig,FLI,Int1,3.024174905827081,3.88088497100309,D423A_72h,D423A_72h-FLI | 20-02-2019,TRUE
2,A11,FCCP-FLI#D423A_72h,2,10.6402523687721,56.9221967335949,0,HEK-FLI#WT_0h+FLI#D423A_0h 20-02-2019,FCCP,FLI,Int1,2.3646442025017684,4.041685365828931,D423A_72h,D423A_72h-FLI | 20-02-2019,FALSE
2,B11,FCCP-FLI#D423A_72h,2,12.0737606544372,49.5170465039474,0,HEK-FLI#WT_0h+FLI#D423A_0h 20-02-2019,FCCP,FLI,Int1,2.4910345569573775,3.902316984108711,D423A_72h,D423A_72h-FLI | 20-02-2019,FALSE
2,B12,FCCP-FLI#D423A_72h,2,10.2913905364636,40.7789351838936,0,HEK-FLI#WT_0h+FLI#D423A_0h 20-02-2019,FCCP,FLI,Int1,2.331307675455013,3.7081656535718004,D423A_72h,D423A_72h-FLI | 20-02-2019,FALSE
2,C11,FCCP-FLI#D423A_72h,2,11.4233278869381,55.1206976113175,0,HEK-FLI#WT_0h+FLI#D423A_0h 20-02-2019,FCCP,FLI,Int1,2.435657570440188,4.00952528285386,D423A_72h,D423A_72h-FLI | 20-02-2019,FALSE
2,C12,FCCP-FLI#D423A_72h,2,10.9018080691055,42.5391983670913,0,HEK-FLI#WT_0h+FLI#D423A_0h 20-02-2019,FCCP,FLI,Int1,2.3889286533784677,3.750425965379476,D423A_72h,D423A_72h-FLI | 20-02-2019,FALSE
2,D11,FCCP-FLI#D423A_72h,2,10.6210202571285,50.8626897267331,0,HEK-FLI#WT_0h+FLI#D423A_0h 20-02-2019,FCCP,FLI,Int1,2.362835080608886,3.9291296435097545,D423A_72h,D423A_72h-FLI | 20-02-2019,FALSE
2,D12,FCCP-FLI#D423A_72h,2,9.72139652102651,49.8285045928277,0,HEK-FLI#WT_0h+FLI#D423A_0h 20-02-2019,FCCP,FLI,Int1,2.27432928315481,3.908587201664947,D423A_72h,D423A_72h-FLI | 20-02-2019,FALSE
2,E12,Oligo-FLI#D423A_72h,2,8.82353089280103,46.4477911949806,0,HEK-FLI#WT_0h+FLI#D423A_0h 20-02-2019,Olig,FLI,Int1,2.177422117890809,3.8383289118144663,D423A_72h,D423A_72h-FLI | 20-02-2019,TRUE
2,F11,Oligo-FLI#D423A_72h,2,14.2412762667566,50.0449279865316,0,HEK-FLI#WT_0h+FLI#D423A_0h 20-02-2019,Olig,FLI,Int1,2.656144527442187,3.912921161695656,D423A_72h,D423A_72h-FLI | 20-02-2019,TRUE
2,F12,Oligo-FLI#D423A_72h,2,11.3752187843918,54.2207224056812,0,HEK-FLI#WT_0h+FLI#D423A_0h 20-02-2019,Olig,FLI,Int1,2.431437198444733,3.993063167583406,D423A_72h,D423A_72h-FLI | 20-02-2019,FALSE
2,G11,Oligo-FLI#D423A_72h,2,10.6643397773455,53.3312260530474,0,HEK-FLI#WT_0h+FLI#D423A_0h 20-02-2019,Olig,FLI,Int1,2.3669054444604853,3.9765220142797557,D423A_72h,D423A_72h-FLI | 20-02-2019,FALSE
2,G12,Oligo-FLI#D423A_72h,2,12.5971061209482,49.615293253007,0,HEK-FLI#WT_0h+FLI#D423A_0h 20-02-2019,Olig,FLI,Int1,2.5334671146379444,3.9042991179202784,D423A_72h,D423A_72h-FLI | 20-02-2019,FALSE
2,H11,Oligo-FLI#D423A_72h,2,18.7912237916349,48.1074460253593,0,HEK-FLI#WT_0h+FLI#D423A_0h 20-02-2019,Olig,FLI,Int1,2.933389941247827,3.873436968152987,D423A_72h,D423A_72h-FLI | 20-02-2019,TRUE
3,A11,FCCP-FLI#D423A_72h,3,10.9184287764644,56.7315567183549,0,HEK-FLI#WT_0h+FLI#D423A_0h 20-02-2019,FCCP,FLI,Int1,2.3904520750251708,4.038330611793199,D423A_72h,D423A_72h-FLI | 20-02-2019,FALSE
3,B11,FCCP-FLI#D423A_72h,3,11.8812375765517,49.9209169270631,0,HEK-FLI#WT_0h+FLI#D423A_0h 20-02-2019,FCCP,FLI,Int1,2.4749604816192696,3.9104400918224336,D423A_72h,D423A_72h-FLI | 20-02-2019,FALSE
3,B12,FCCP-FLI#D423A_72h,3,10.331248014288,39.4247571132576,0,HEK-FLI#WT_0h+FLI#D423A_0h 20-02-2019,FCCP,FLI,Int1,2.3351730903827503,3.6743939721010848,D423A_72h,D423A_72h-FLI | 20-02-2019,FALSE
3,C11,FCCP-FLI#D423A_72h,3,11.8631222482915,55.1800541946006,0,HEK-FLI#WT_0h+FLI#D423A_0h 20-02-2019,FCCP,FLI,Int1,2.4734346176323188,4.010601550930749,D423A_72h,D423A_72h-FLI | 20-02-2019,FALSE
3,C12,FCCP-FLI#D423A_72h,3,9.95643039567639,42.2794814675135,0,HEK-FLI#WT_0h+FLI#D423A_0h 20-02-2019,FCCP,FLI,Int1,2.298218613349631,3.7443018966769133,D423A_72h,D423A_72h-FLI | 20-02-2019,FALSE
3,D11,FCCP-FLI#D423A_72h,3,9.84091409315126,52.3276050900806,0,HEK-FLI#WT_0h+FLI#D423A_0h 20-02-2019,FCCP,FLI,Int1,2.286548602395082,3.9575240538119165,D423A_72h,D423A_72h-FLI | 20-02-2019,FALSE
3,D12,FCCP-FLI#D423A_72h,3,10.2108960273122,50.3041658454153,0,HEK-FLI#WT_0h+FLI#D423A_0h 20-02-2019,FCCP,FLI,Int1,2.323455388101836,3.9180878936646835,D423A_72h,D423A_72h-FLI | 20-02-2019,FALSE
3,E12,Oligo-FLI#D423A_72h,3,8.90168783766755,45.7976439320272,0,HEK-FLI#WT_0h+FLI#D423A_0h 20-02-2019,Olig,FLI,Int1,2.186240903439562,3.8242326472647696,D423A_72h,D423A_72h-FLI | 20-02-2019,TRUE
3,F11,Oligo-FLI#D423A_72h,3,13.9826060008145,50.583050606503,0,HEK-FLI#WT_0h+FLI#D423A_0h 20-02-2019,Olig,FLI,Int1,2.637814128647824,3.923616551928095,D423A_72h,D423A_72h-FLI | 20-02-2019,TRUE
3,F12,Oligo-FLI#D423A_72h,3,11.0654513434523,54.644093480157,0,HEK-FLI#WT_0h+FLI#D423A_0h 20-02-2019,Olig,FLI,Int1,2.4038277628611113,4.000841129735969,D423A_72h,D423A_72h-FLI | 20-02-2019,FALSE
3,G11,Oligo-FLI#D423A_72h,3,11.1147205653823,53.7359649020544,0,HEK-FLI#WT_0h+FLI#D423A_0h 20-02-2019,Olig,FLI,Int1,2.4082704067836547,3.9840825148091916,D423A_72h,D423A_72h-FLI | 20-02-2019,FALSE
3,G12,Oligo-FLI#D423A_72h,3,12.0996352962767,48.6981854822644,0,HEK-FLI#WT_0h+FLI#D423A_0h 20-02-2019,Olig,FLI,Int1,2.493175311344874,3.885641770303327,D423A_72h,D423A_72h-FLI | 20-02-2019,FALSE
3,H11,Oligo-FLI#D423A_72h,3,19.2236312562115,47.3736656828016,0,HEK-FLI#WT_0h+FLI#D423A_0h 20-02-2019,Olig,FLI,Int1,2.9561403168213367,3.858066497999123,D423A_72h,D423A_72h-FLI | 20-02-2019,TRUE
4,A11,FCCP-FLI#D423A_72h,7,14.5046093301295,63.2128665529048,0,HEK-FLI#WT_0h+FLI#D423A_0h 20-02-2019,FCCP,FLI,Int3,2.674466483748366,4.14650786513012,D423A_72h,D423A_72h-FLI | 20-02-2019,TRUE
4,B11,FCCP-FLI#D423A_72h,7,13.9458330793038,53.1364690306279,0,HEK-FLI#WT_0h+FLI#D423A_0h 20-02-2019,FCCP,FLI,Int3,2.635180759653892,3.9728634915795475,D423A_72h,D423A_72h-FLI | 20-02-2019,TRUE
4,B12,FCCP-FLI#D423A_72h,7,12.1754586244116,46.5749622275418,0,HEK-FLI#WT_0h+FLI#D423A_0h 20-02-2019,FCCP,FLI,Int3,2.49942233761537,3.8410631054844635,D423A_72h,D423A_72h-FLI | 20-02-2019,FALSE
4,C11,FCCP-FLI#D423A_72h,7,12.1549629030634,59.2304040563895,0,HEK-FLI#WT_0h+FLI#D423A_0h 20-02-2019,FCCP,FLI,Int3,2.4977375557735817,4.081434992085452,D423A_72h,D423A_72h-FLI | 20-02-2019,FALSE
4,C12,FCCP-FLI#D423A_72h,7,10.6534030784401,46.617389523576,0,HEK-FLI#WT_0h+FLI#D423A_0h 20-02-2019,FCCP,FLI,Int3,2.3658793789957775,3.8419736372645557,D423A_72h,D423A_72h-FLI | 20-02-2019,FALSE
4,D11,FCCP-FLI#D423A_72h,7,10.6990855800865,55.2339544060158,0,HEK-FLI#WT_0h+FLI#D423A_0h 20-02-2019,FCCP,FLI,Int3,2.370158278010963,4.011577880227726,D423A_72h,D423A_72h-FLI | 20-02-2019,FALSE
4,D12,FCCP-FLI#D423A_72h,7,11.6562704609631,55.4838390043069,0,HEK-FLI#WT_0h+FLI#D423A_0h 20-02-2019,FCCP,FLI,Int3,2.455844272206675,4.01609178923702,D423A_72h,D423A_72h-FLI | 20-02-2019,FALSE
4,E12,Oligo-FLI#D423A_72h,4,6.16286354165617,49.3885326787662,0,HEK-FLI#WT_0h+FLI#D423A_0h 20-02-2019,Olig,FLI,Int2,1.8185415301896548,3.8997182652382905,D423A_72h,D423A_72h-FLI | 20-02-2019,FALSE
4,F11,Oligo-FLI#D423A_72h,4,11.6751318826587,54.3172392158781,0,HEK-FLI#WT_0h+FLI#D423A_0h 20-02-2019,Olig,FLI,Int2,2.4574610996503634,3.994841657508873,D423A_72h,D423A_72h-FLI | 20-02-2019,FALSE
4,F12,Oligo-FLI#D423A_72h,4,8.59713852298675,58.6759183230954,0,HEK-FLI#WT_0h+FLI#D423A_0h 20-02-2019,Olig,FLI,Int2,2.1514294180073303,4.072029392626037,D423A_72h,D423A_72h-FLI | 20-02-2019,FALSE
4,G11,Oligo-FLI#D423A_72h,4,8.62118127621434,58.9229269807724,0,HEK-FLI#WT_0h+FLI#D423A_0h 20-02-2019,Olig,FLI,Int2,2.154222114290599,4.076230267563077,D423A_72h,D423A_72h-FLI | 20-02-2019,FALSE
4,G12,Oligo-FLI#D423A_72h,4,9.55346127689451,52.8917444093513,0,HEK-FLI#WT_0h+FLI#D423A_0h 20-02-2019,Olig,FLI,Int2,2.2569035261992334,3.9682472663708555,D423A_72h,D423A_72h-FLI | 20-02-2019,FALSE
4,H11,Oligo-FLI#D423A_72h,4,16.6539799711926,51.4816103208853,0,HEK-FLI#WT_0h+FLI#D423A_0h 20-02-2019,Olig,FLI,Int2,2.812649225170452,3.941224662753178,D423A_72h,D423A_72h-FLI | 20-02-2019,FALSE
5,A11,FCCP-FLI#D423A_72h,8,12.6783901047629,60.5688308241494,0,HEK-FLI#WT_0h+FLI#D423A_0h 20-02-2019,FCCP,FLI,Int3,2.5398989776017773,4.1037804179198005,D423A_72h,D423A_72h-FLI | 20-02-2019,FALSE
5,B11,FCCP-FLI#D423A_72h,8,12.8411515451062,57.2093691028593,0,HEK-FLI#WT_0h+FLI#D423A_0h 20-02-2019,FCCP,FLI,Int3,2.55265497843873,4.046717680477267,D423A_72h,D423A_72h-FLI | 20-02-2019,FALSE
5,B12,FCCP-FLI#D423A_72h,8,10.8088406560957,46.3709903865605,0,HEK-FLI#WT_0h+FLI#D423A_0h 20-02-2019,FCCP,FLI,Int3,2.380364378545009,3.8366740565225013,D423A_72h,D423A_72h-FLI | 20-02-2019,FALSE
5,C11,FCCP-FLI#D423A_72h,8,12.2543382087848,56.7807138621158,0,HEK-FLI#WT_0h+FLI#D423A_0h 20-02-2019,FCCP,FLI,Int3,2.5058800137907835,4.039196723387699,D423A_72h,D423A_72h-FLI | 20-02-2019,FALSE
5,C12,FCCP-FLI#D423A_72h,8,10.3312695287907,46.31955300156,0,HEK-FLI#WT_0h+FLI#D423A_0h 20-02-2019,FCCP,FLI,Int3,2.335175172849483,3.8355641829927873,D423A_72h,D423A_72h-FLI | 20-02-2019,FALSE
5,D11,FCCP-FLI#D423A_72h,8,10.5624403187862,55.9460101001901,0,HEK-FLI#WT_0h+FLI#D423A_0h 20-02-2019,FCCP,FLI,Int3,2.3573043423748983,4.024387120332906,D423A_72h,D423A_72h-FLI | 20-02-2019,FALSE
5,D12,FCCP-FLI#D423A_72h,8,10.735295763799,53.9601419300721,0,HEK-FLI#WT_0h+FLI#D423A_0h 20-02-2019,FCCP,FLI,Int3,2.3735369823064993,3.988245661619122,D423A_72h,D423A_72h-FLI | 20-02-2019,FALSE
5,E12,Oligo-FLI#D423A_72h,5,5.93920636914928,51.2747911222136,0,HEK-FLI#WT_0h+FLI#D423A_0h 20-02-2019,Olig,FLI,Int2,1.781575516560898,3.9371992302731815,D423A_72h,D423A_72h-FLI | 20-02-2019,FALSE
5,F11,Oligo-FLI#D423A_72h,5,11.0129808280032,54.7804098965057,0,HEK-FLI#WT_0h+FLI#D423A_0h 20-02-2019,Olig,FLI,Int2,2.3990746523298614,4.003332646401054,D423A_72h,D423A_72h-FLI | 20-02-2019,FALSE
5,F12,Oligo-FLI#D423A_72h,5,7.35735600468212,58.6470607138457,0,HEK-FLI#WT_0h+FLI#D423A_0h 20-02-2019,Olig,FLI,Int2,1.995700629704902,4.071537458137695,D423A_72h,D423A_72h-FLI | 20-02-2019,FALSE
5,G11,Oligo-FLI#D423A_72h,5,7.96762772872683,60.3212879087041,0,HEK-FLI#WT_0h+FLI#D423A_0h 20-02-2019,Olig,FLI,Int2,2.0753867983985312,4.099685074743385,D423A_72h,D423A_72h-FLI | 20-02-2019,FALSE
5,G12,Oligo-FLI#D423A_72h,5,8.67938923952674,54.4129249700875,0,HEK-FLI#WT_0h+FLI#D423A_0h 20-02-2019,Olig,FLI,Int2,2.160951162086766,3.9966017170034416,D423A_72h,D423A_72h-FLI | 20-02-2019,FALSE
5,H11,Oligo-FLI#D423A_72h,5,16.0581779533586,51.1742194759569,0,HEK-FLI#WT_0h+FLI#D423A_0h 20-02-2019,Olig,FLI,Int2,2.7762182496140664,3.935235879373529,D423A_72h,D423A_72h-FLI | 20-02-2019,FALSE
6,A11,FCCP-FLI#D423A_72h,9,12.2665222286995,59.6182691227004,0,HEK-FLI#WT_0h+FLI#D423A_0h 20-02-2019,FCCP,FLI,Int3,2.5068737816031716,4.087962056005287,D423A_72h,D423A_72h-FLI | 20-02-2019,FALSE
6,B11,FCCP-FLI#D423A_72h,9,12.783950079174,55.4609451072121,0,HEK-FLI#WT_0h+FLI#D423A_0h 20-02-2019,FCCP,FLI,Int3,2.548190484070581,4.015679081283183,D423A_72h,D423A_72h-FLI | 20-02-2019,FALSE
6,B12,FCCP-FLI#D423A_72h,9,11.0476037244241,44.429352066536,0,HEK-FLI#WT_0h+FLI#D423A_0h 20-02-2019,FCCP,FLI,Int3,2.4022135469285892,3.793900333598987,D423A_72h,D423A_72h-FLI | 20-02-2019,FALSE
6,C11,FCCP-FLI#D423A_72h,9,11.9435810477424,57.0471869296281,0,HEK-FLI#WT_0h+FLI#D423A_0h 20-02-2019,FCCP,FLI,Int3,2.480193983243802,4.04387876623396,D423A_72h,D423A_72h-FLI | 20-02-2019,FALSE
6,C12,FCCP-FLI#D423A_72h,9,10.0341597003342,45.1785156473843,0,HEK-FLI#WT_0h+FLI#D423A_0h 20-02-2019,FCCP,FLI,Int3,2.3059952418546987,3.8106216563032516,D423A_72h,D423A_72h-FLI | 20-02-2019,FALSE
6,D11,FCCP-FLI#D423A_72h,9,10.0268522339453,55.7074611884474,0,HEK-FLI#WT_0h+FLI#D423A_0h 20-02-2019,FCCP,FLI,Int3,2.3052667176171338,4.020114091076278,D423A_72h,D423A_72h-FLI | 20-02-2019,FALSE
6,D12,FCCP-FLI#D423A_72h,9,9.97063727525811,53.1750321559262,0,HEK-FLI#WT_0h+FLI#D423A_0h 20-02-2019,FCCP,FLI,Int3,2.2996445012146585,3.9735889658049937,D423A_72h,D423A_72h-FLI | 20-02-2019,FALSE
6,E12,Oligo-FLI#D423A_72h,6,6.19869199149905,50.2385541578479,0,HEK-FLI#WT_0h+FLI#D423A_0h 20-02-2019,Olig,FLI,Int2,1.8243383006808758,3.9167827430405717,D423A_72h,D423A_72h-FLI | 20-02-2019,FALSE
6,F11,Oligo-FLI#D423A_72h,6,10.3345791619977,54.3281409668981,0,HEK-FLI#WT_0h+FLI#D423A_0h 20-02-2019,Olig,FLI,Int2,2.3354954726140673,3.995042342545609,D423A_72h,D423A_72h-FLI | 20-02-2019,FALSE
6,F12,Oligo-FLI#D423A_72h,6,6.91860494737074,59.2871504973066,0,HEK-FLI#WT_0h+FLI#D423A_0h 20-02-2019,Olig,FLI,Int2,1.934214152105371,4.0823925961377325,D423A_72h,D423A_72h-FLI | 20-02-2019,FALSE
6,G11,Oligo-FLI#D423A_72h,6,7.94991502859408,59.5336988739106,0,HEK-FLI#WT_0h+FLI#D423A_0h 20-02-2019,Olig,FLI,Int2,2.0731612403819613,4.086542519854721,D423A_72h,D423A_72h-FLI | 20-02-2019,FALSE
6,G12,Oligo-FLI#D423A_72h,6,8.44986513215042,53.0243733778992,0,HEK-FLI#WT_0h+FLI#D423A_0h 20-02-2019,Olig,FLI,Int2,2.1341504805494513,3.9707516828966987,D423A_72h,D423A_72h-FLI | 20-02-2019,FALSE
6,H11,Oligo-FLI#D423A_72h,6,15.4517728227933,50.8636444806027,0,HEK-FLI#WT_0h+FLI#D423A_0h 20-02-2019,Olig,FLI,Int2,2.7377237425728214,3.9291484145364914,D423A_72h,D423A_72h-FLI | 20-02-2019,FALSE
7,A11,FCCP-FLI#D423A_72h,10,5.55922035515219,62.1344722917275,0,HEK-FLI#WT_0h+FLI#D423A_0h 20-02-2019,FCCP,FLI,Int4,1.7154578745367106,4.129300944290815,D423A_72h,D423A_72h-FLI | 20-02-2019,FALSE
7,B11,FCCP-FLI#D423A_72h,10,6.21426548697906,52.5470001178076,0,HEK-FLI#WT_0h+FLI#D423A_0h 20-02-2019,FCCP,FLI,Int4,1.8268475340651407,3.9617080094481425,D423A_72h,D423A_72h-FLI | 20-02-2019,FALSE
7,B12,FCCP-FLI#D423A_72h,10,6.84016235750644,45.0932876507801,0,HEK-FLI#WT_0h+FLI#D423A_0h 20-02-2019,FCCP,FLI,Int4,1.922811467830303,3.8087334028550277,D423A_72h,D423A_72h-FLI | 20-02-2019,FALSE
7,C11,FCCP-FLI#D423A_72h,10,6.59943101067149,60.127821359985,0,HEK-FLI#WT_0h+FLI#D423A_0h 20-02-2019,FCCP,FLI,Int4,1.8869834348117211,4.096472652231181,D423A_72h,D423A_72h-FLI | 20-02-2019,FALSE
7,C12,FCCP-FLI#D423A_72h,10,6.70229266803286,44.6201015517434,0,HEK-FLI#WT_0h+FLI#D423A_0h 20-02-2019,FCCP,FLI,Int4,1.9024496571221645,3.798184464926122,D423A_72h,D423A_72h-FLI | 20-02-2019,FALSE
7,D11,FCCP-FLI#D423A_72h,10,6.86240432927972,56.3649316583526,0,HEK-FLI#WT_0h+FLI#D423A_0h 20-02-2019,FCCP,FLI,Int4,1.9260578656499057,4.031847186011995,D423A_72h,D423A_72h-FLI | 20-02-2019,FALSE
7,D12,FCCP-FLI#D423A_72h,10,6.33902084289096,55.5186943129234,0,HEK-FLI#WT_0h+FLI#D423A_0h 20-02-2019,FCCP,FLI,Int4,1.8467243153374757,4.016719798503484,D423A_72h,D423A_72h-FLI | 20-02-2019,FALSE
7,E12,Oligo-FLI#D423A_72h,10,4.5729499930148,51.2331169607133,0,HEK-FLI#WT_0h+FLI#D423A_0h 20-02-2019,Olig,FLI,Int4,1.5201585093471137,3.9363861385893175,D423A_72h,D423A_72h-FLI | 20-02-2019,TRUE
7,F11,Oligo-FLI#D423A_72h,10,10.2994992887691,56.7263047422715,0,HEK-FLI#WT_0h+FLI#D423A_0h 20-02-2019,Olig,FLI,Int4,2.3320952813130886,4.038238031587306,D423A_72h,D423A_72h-FLI | 20-02-2019,TRUE
7,F12,Oligo-FLI#D423A_72h,10,6.85966578092324,61.3380840228227,0,HEK-FLI#WT_0h+FLI#D423A_0h 20-02-2019,Olig,FLI,Int4,1.925658720568902,4.116400922835094,D423A_72h,D423A_72h-FLI | 20-02-2019,FALSE
7,G11,Oligo-FLI#D423A_72h,10,7.38075376134111,60.5942232775333,0,HEK-FLI#WT_0h+FLI#D423A_0h 20-02-2019,Olig,FLI,Int4,1.9988757690799646,4.1041995630782635,D423A_72h,D423A_72h-FLI | 20-02-2019,FALSE
7,G12,Oligo-FLI#D423A_72h,10,7.57946421797107,54.4678961272892,0,HEK-FLI#WT_0h+FLI#D423A_0h 20-02-2019,Olig,FLI,Int4,2.0254425135110963,3.997611466219481,D423A_72h,D423A_72h-FLI | 20-02-2019,FALSE
7,H11,Oligo-FLI#D423A_72h,10,14.7221913919061,52.8005395041436,0,HEK-FLI#WT_0h+FLI#D423A_0h 20-02-2019,Olig,FLI,Int4,2.6893559739531847,3.9665214085415212,D423A_72h,D423A_72h-FLI | 20-02-2019,TRUE
8,A11,FCCP-FLI#D423A_72h,11,12.0475916219483,60.1211485113969,0,HEK-FLI#WT_0h+FLI#D423A_0h 20-02-2019,FCCP,FLI,Int4,2.4888647745624324,4.0963616683516175,D423A_72h,D423A_72h-FLI | 20-02-2019,TRUE
8,B11,FCCP-FLI#D423A_72h,11,6.78068450895198,56.6943074352418,0,HEK-FLI#WT_0h+FLI#D423A_0h 20-02-2019,FCCP,FLI,Int4,1.9140780568786,4.037673807725977,D423A_72h,D423A_72h-FLI | 20-02-2019,FALSE
8,B12,FCCP-FLI#D423A_72h,11,6.90185944502547,44.1078029723304,0,HEK-FLI#WT_0h+FLI#D423A_0h 20-02-2019,FCCP,FLI,Int4,1.9317908600850109,3.786636704949174,D423A_72h,D423A_72h-FLI | 20-02-2019,FALSE
8,C11,FCCP-FLI#D423A_72h,11,5.5315197720879,57.6960173913141,0,HEK-FLI#WT_0h+FLI#D423A_0h 20-02-2019,FCCP,FLI,Int4,1.7104626009396444,4.055188148451014,D423A_72h,D423A_72h-FLI | 20-02-2019,FALSE
8,C12,FCCP-FLI#D423A_72h,11,6.44407464935897,44.6707198660638,0,HEK-FLI#WT_0h+FLI#D423A_0h 20-02-2019,FCCP,FLI,Int4,1.8631610495677684,3.7993182504359653,D423A_72h,D423A_72h-FLI | 20-02-2019,FALSE
8,D11,FCCP-FLI#D423A_72h,11,7.17418335364881,57.849763076157,0,HEK-FLI#WT_0h+FLI#D423A_0h 20-02-2019,FCCP,FLI,Int4,1.9704889368611038,4.057849358145681,D423A_72h,D423A_72h-FLI | 20-02-2019,FALSE
8,D12,FCCP-FLI#D423A_72h,11,5.90388075655389,53.8894020728866,0,HEK-FLI#WT_0h+FLI#D423A_0h 20-02-2019,FCCP,FLI,Int4,1.7756098900335524,3.9869338365579394,D423A_72h,D423A_72h-FLI | 20-02-2019,FALSE
8,E12,Oligo-FLI#D423A_72h,11,5.44775273060148,51.6001262491459,0,HEK-FLI#WT_0h+FLI#D423A_0h 20-02-2019,Olig,FLI,Int4,1.6952031806294945,3.943524119173398,D423A_72h,D423A_72h-FLI | 20-02-2019,FALSE
8,F11,Oligo-FLI#D423A_72h,11,10.3230228337491,54.5606583237731,0,HEK-FLI#WT_0h+FLI#D423A_0h 20-02-2019,Olig,FLI,Int4,2.3343766274105913,3.999313079513972,D423A_72h,D423A_72h-FLI | 20-02-2019,TRUE
8,F12,Oligo-FLI#D423A_72h,11,6.04948432965263,59.1616229189275,0,HEK-FLI#WT_0h+FLI#D423A_0h 20-02-2019,Olig,FLI,Int4,1.7999730336419004,4.080273070173014,D423A_72h,D423A_72h-FLI | 20-02-2019,FALSE
8,G11,Oligo-FLI#D423A_72h,11,8.11784075740556,60.8866459585183,0,HEK-FLI#WT_0h+FLI#D423A_0h 20-02-2019,Olig,FLI,Int4,2.094064202235835,4.109013872485625,D423A_72h,D423A_72h-FLI | 20-02-2019,FALSE
8,G12,Oligo-FLI#D423A_72h,11,7.28239516105751,54.6112015836115,0,HEK-FLI#WT_0h+FLI#D423A_0h 20-02-2019,Olig,FLI,Int4,1.985459813737875,4.000239018917999,D423A_72h,D423A_72h-FLI | 20-02-2019,FALSE
8,H11,Oligo-FLI#D423A_72h,11,14.6870544294093,51.7887108101334,0,HEK-FLI#WT_0h+FLI#D423A_0h 20-02-2019,Olig,FLI,Int4,2.6869664547231413,3.9471721874851817,D423A_72h,D423A_72h-FLI | 20-02-2019,TRUE
9,A11,FCCP-FLI#D423A_72h,12,5.63505553565606,59.2975420716706,0,HEK-FLI#WT_0h+FLI#D423A_0h 20-02-2019,FCCP,FLI,Int4,1.7290070029278348,4.082567856100304,D423A_72h,D423A_72h-FLI | 20-02-2019,FALSE
9,B11,FCCP-FLI#D423A_72h,12,5.83555079711446,54.8284500342951,0,HEK-FLI#WT_0h+FLI#D423A_0h 20-02-2019,FCCP,FLI,Int4,1.7639686566759214,4.004209220446178,D423A_72h,D423A_72h-FLI | 20-02-2019,FALSE
9,B12,FCCP-FLI#D423A_72h,12,7.41620218005812,43.4086460542946,0,HEK-FLI#WT_0h+FLI#D423A_0h 20-02-2019,FCCP,FLI,Int4,2.0036670905750675,3.7706586391060095,D423A_72h,D423A_72h-FLI | 20-02-2019,FALSE
9,C11,FCCP-FLI#D423A_72h,12,6.59651850671429,57.2314033425169,0,HEK-FLI#WT_0h+FLI#D423A_0h 20-02-2019,FCCP,FLI,Int4,1.8865420108731623,4.047102757219743,D423A_72h,D423A_72h-FLI | 20-02-2019,FALSE
9,C12,FCCP-FLI#D423A_72h,12,7.22335672495587,43.6768767864017,0,HEK-FLI#WT_0h+FLI#D423A_0h 20-02-2019,FCCP,FLI,Int4,1.9773197652167518,3.7768188267374314,D423A_72h,D423A_72h-FLI | 20-02-2019,FALSE
9,D11,FCCP-FLI#D423A_72h,12,7.17020421667929,57.0705677560547,0,HEK-FLI#WT_0h+FLI#D423A_0h 20-02-2019,FCCP,FLI,Int4,1.9699341363090304,4.044288532914318,D423A_72h,D423A_72h-FLI | 20-02-2019,FALSE
9,D12,FCCP-FLI#D423A_72h,12,6.26509319795276,53.0745218106286,0,HEK-FLI#WT_0h+FLI#D423A_0h 20-02-2019,FCCP,FLI,Int4,1.8349934642074988,3.9716969978573258,D423A_72h,D423A_72h-FLI | 20-02-2019,FALSE
9,E12,Oligo-FLI#D423A_72h,12,5.20550266527396,49.5467775882591,0,HEK-FLI#WT_0h+FLI#D423A_0h 20-02-2019,Olig,FLI,Int4,1.649716270943674,3.902917225124577,D423A_72h,D423A_72h-FLI | 20-02-2019,FALSE
9,F11,Oligo-FLI#D423A_72h,12,9.59894290458142,53.3307197802231,0,HEK-FLI#WT_0h+FLI#D423A_0h 20-02-2019,Olig,FLI,Int4,2.2616529783046855,3.976512521244159,D423A_72h,D423A_72h-FLI | 20-02-2019,TRUE
9,F12,Oligo-FLI#D423A_72h,12,6.00242481035204,58.6006948976079,0,HEK-FLI#WT_0h+FLI#D423A_0h 20-02-2019,Olig,FLI,Int4,1.7921635226461508,4.070746554833612,D423A_72h,D423A_72h-FLI | 20-02-2019,FALSE
9,G11,Oligo-FLI#D423A_72h,12,8.28980648141851,59.0489555440878,0,HEK-FLI#WT_0h+FLI#D423A_0h 20-02-2019,Olig,FLI,Int4,2.115026625258152,4.0783668548339,D423A_72h,D423A_72h-FLI | 20-02-2019,FALSE
9,G12,Oligo-FLI#D423A_72h,12,7.57857400338785,53.4990980506087,0,HEK-FLI#WT_0h+FLI#D423A_0h 20-02-2019,Olig,FLI,Int4,2.025325055754196,3.9796647948927215,D423A_72h,D423A_72h-FLI | 20-02-2019,FALSE
9,H11,Oligo-FLI#D423A_72h,12,14.3676100111521,50.7479899454502,0,HEK-FLI#WT_0h+FLI#D423A_0h 20-02-2019,Olig,FLI,Int4,2.6649763683150844,3.9268720101513166,D423A_72h,D423A_72h-FLI | 20-02-2019,TRUE
